firstname,lastname
Hee,Hillen
Clorinda,Crawshaw
Yahaira,Yarnell
Bernarda,Branum
Cleo,Carpino
Jennie,Jantz
Myrna,Maisch
Ashanti,Apolinar
Hilton,Hopper
Jaye,Josephs
Millicent,Marconi
Izetta,Ivie
Naoma,Nakano
Katie,Kral
Marilou,Mcfetridge
Doretta,Danos
Nichole,Navas
Kyung,Kenley
Jen,Jakes
Man,Morford
Mayola,Masse
Cheryl,Carns
Codi,Carswell
Stepanie,Salisbury
Lindsey,Lamar
Lisa,Lovely
Gwendolyn,Gehl
Danille,Dorner
Josiah,Journey
Merrill,Monroe
Moriah,Michalak
Racheal,Roots
Kieth,Kitson
Bess,Banerjee
Rosanne,Rochford
Ossie,Oyola
Nia,Navarette
Nathalie,Netherland
Yesenia,Yarbrough
Anderson,Augustine
Claretha,Cheeks
Mikel,Melrose
Grover,Griffith
Tracy,Twigg
Jessika,Jarvie
Yun,Yeaman
Vi,Vaught
Niki,Near
Clelia,Carlson
Tran,Trimm
Mauricio,Mcdonald
Rosio,Riess
Toni,Tyler
Gil,Grieve
Maye,Mielke
Shalanda,Silk
Lynne,Landrum
Golden,Grainger
Brinda,Branco
Katie,Kohn
Gilbert,Goldsby
Season,Sulton
Macy,Meldrum
Flossie,Filson
Araceli,Andrus
Minda,Melgar
Tyrone,Triana
Hildegard,Hannon
Jewell,Jandreau
Gabrielle,Gethers
Rivka,Reily
Tresa,Turnage
Vesta,Virden
Thora,Troester
Catarina,Caprio
Janell,Jamieson
Shantell,Sydow
Hiram,Hasegawa
Hanh,Havlik
Loris,Luis
Lulu,Levingston
Lorrie,Laskowski
Gussie,Gracia
Lucien,Laforge
Zora,Zupan
Traci,Tavera
Gisela,Goin
Jonie,Jobin
Leanne,Lal
So,Suitt
Desiree,Deaner
Shala,Sellars
India,Ishee
Glenna,Gravely
Gretta,Giardina
Racquel,Rabe
Ardelle,Arvie
Leilani,Lamberson
Francisca,Forcier
Clint,Crawley
Pearlene,Paschal
Jeannine,Jepson
Marceline,Mcnitt
Fe,Fast
Brandon,Brendle
Donita,Duby
Lamar,Lafond
Claire,Christain
Isabell,Inouye
Elisa,Evert
Enrique,Espiritu
Gordon,Gonzalas
Tama,Tolleson
Crista,Corbett
Rochel,Reames
Cristi,Callaghan
Deena,Dynes
Valencia,Viles
Sylvester,Spielman
Nelson,Niswonger
Eusebio,Eldreth
Lawanna,Laramee
Berna,Bahe
Bianca,Byun
Benedict,Bernard
Edmundo,Enders
Magda,Motz
Kaylene,Koh
Delores,Draper
Shaunta,Schildgen
Jinny,Jerkins
Garnett,Goree
Elfreda,Engstrom
Dede,Duncan
Marlen,Massey
Nam,Nuss
Monnie,Moscato
Vincenzo,Vermeulen
Johnny,Janey
Kathaleen,Kania
Corene,Crooker
Merrie,Mcbroom
Oscar,Oxford
Darleen,Deatherage
Yi,Yoho
Jade,Janas
Gina,Grist
Hattie,Highfill
Jeannine,James
Janessa,Jacobs
Hugh,Hendershott
Quyen,Quintanar
Charise,Cressey
Hassan,Ha
Eveline,Etienne
Gwyn,Gibbon
Ying,Yao
Ronda,Rufener
Jillian,Janz
Marisa,Martir
Clarissa,Coplin
Jorge,Jernigan
Jenni,Jeter
Brittni,Busick
Karyn,Karas
Romeo,Riddle
